requirement_id,kind,priority,acceptance_criteria,scope_classification,implementation_status_source,issue,design_adr,code,test_reference,pull_request,candidate_sha,execution_id,validation_result,evidence,incident,owner,reviewer,exclusion_decision,notes
RF-ALC-001,RF,Debe,La ejecución de una acción autorizada se limita estrictamente al ámbito de datos o alcance asignado al perfil del usuario.,Incluido para validacion,Implemented,,,,,,,,No ejecutado,,,Pablo (coordinacion); responsable de dominio pendiente,,,Implementado segun catalogo; falta ejecutar evidencia sobre SHA candidato.
RF-ALC-002,RF,Debe,El alcance operativo del docente se circunscribe exclusivamente a los alumnos y subáreas de las secciones asignadas.,Fuera del candidato actual,Not implemented,,,,,,,,No ejecutado,,,Pablo (coordinacion); responsable de dominio pendiente,,,No implementado segun catalogo; requiere aprobacion explicita si se pretende excluir.
RF-ALC-003,RF,Debe,"El sistema vincula las relaciones y alcances de cada usuario con un ciclo escolar determinado, manteniendo la separación por año.",Fuera del candidato actual,Not implemented,,,,,,,,No ejecutado,,,Pablo (coordinacion); responsable de dominio pendiente,,,No implementado segun catalogo; requiere aprobacion explicita si se pretende excluir.
RF-ALC-004,RF,Deberia,El sistema permite consultar la información de ciclos anteriores en modo de solo lectura manteniendo la estructura original.,Fuera del candidato actual,Not implemented,,,,,,,,No ejecutado,,,Pablo (coordinacion); responsable de dominio pendiente,,,No implementado segun catalogo; requiere aprobacion explicita si se pretende excluir.
RF-ALC-005,RF,Debe,"La edición, registro y captura de datos se restringe únicamente al ciclo escolar que se encuentra en estado activo.",Incluido para validacion,Implemented,,,,,,,,No ejecutado,,,Pablo (coordinacion); responsable de dominio pendiente,,,Implementado segun catalogo; falta ejecutar evidencia sobre SHA candidato.
RF-ALC-006,RF,Debe,El padre de familia o encargado solo puede consultar la información académica de los estudiantes que tiene legalmente vinculados.,Fuera del candidato actual,Not implemented,,,,,,,,No ejecutado,,,Pablo (coordinacion); responsable de dominio pendiente,,,No implementado segun catalogo; requiere aprobacion explicita si se pretende excluir.
RF-ALC-007,RF,Deberia,El sistema identifica el grado y sección principal en que está matriculado un alumno para determinar sus calificaciones y asistencia.,Fuera del candidato actual,Not implemented,,,,,,,,No ejecutado,,,Pablo (coordinacion); responsable de dominio pendiente,,,No implementado segun catalogo; requiere aprobacion explicita si se pretende excluir.
RF-ALC-008,RF,Debe,,Fuera del candidato actual,Not implemented,,,,,,,,No ejecutado,,,Pablo (coordinacion); responsable de dominio pendiente,,,No implementado segun catalogo; requiere aprobacion explicita si se pretende excluir.
RF-ALC-009,RF,Debe,"Si una cuenta posee más de un rol, el sistema aplica la suma acumulativa de los alcances autorizados para cada rol.",Fuera del candidato actual,Not implemented,,,,,,,,No ejecutado,,,Pablo (coordinacion); responsable de dominio pendiente,,,No implementado segun catalogo; requiere aprobacion explicita si se pretende excluir.
RF-ARC-001,RF,Debe,"El sistema restringe la subida de adjuntos únicamente a formatos permitidos (ej. PDF, JPG, PNG) para comprobantes o avisos.",Fuera del candidato actual,Not implemented,,,,,,,,No ejecutado,,,Pablo (coordinacion); responsable de dominio pendiente,,,No implementado segun catalogo; requiere aprobacion explicita si se pretende excluir.
RF-ARC-002,RF,Debe,El sistema valida que el tamaño del archivo no exceda el límite máximo establecido y comprime/normaliza automáticamente las imágenes de justificantes.,Fuera del candidato actual,Not implemented,,,,,,,,No ejecutado,,,Pablo (coordinacion); responsable de dominio pendiente,,,No implementado segun catalogo; requiere aprobacion explicita si se pretende excluir.
RF-ARC-003,RF,Deberia,El sistema verifica la integridad de los archivos subidos al servidor mediante suma de verificación o firmas para asegurar que no contengan corrupción.,Pendiente de clasificacion,In progress,,,,,,,,No ejecutado,,,Pablo (coordinacion); responsable de dominio pendiente,,,No se encontro estado confiable en catalogo; revisar en D1.
RF-ARC-004,RF,Deberia,"Si se resube o actualiza un documento de respaldo para una solicitud, el sistema conserva el historial de versiones anteriores para auditoría.",Pendiente de clasificacion,In progress,,,,,,,,No ejecutado,,,Pablo (coordinacion); responsable de dominio pendiente,,,No se encontro estado confiable en catalogo; revisar en D1.
RF-ARC-005,RF,Deberia,El sistema permite al administrador consultar el espacio total de almacenamiento consumido por adjuntos y archivos del sistema.,Fuera del candidato actual,Not implemented,,,,,,,,No ejecutado,,,Pablo (coordinacion); responsable de dominio pendiente,,,No implementado segun catalogo; requiere aprobacion explicita si se pretende excluir.
RF-ARC-006,RF,Deberia,Los archivos adjuntos de justificantes permanecen guardados en el sistema durante el período lectivo o tiempo de retención institucional fijado.,Incluido para validacion,Implemented,,,,,,,,No ejecutado,,,Pablo (coordinacion); responsable de dominio pendiente,,,Implementado segun catalogo; falta ejecutar evidencia sobre SHA candidato.
RF-ARC-007,RF,Debe,El sistema prohíbe la eliminación física permanente de adjuntos vinculados a trámites o justificaciones activas/auditables.,Incluido para validacion,Implemented,,,,,,,,No ejecutado,,,Pablo (coordinacion); responsable de dominio pendiente,,,Implementado segun catalogo; falta ejecutar evidencia sobre SHA candidato.
RF-ASI-001,RF,Debe,El sistema debe determinar la ventana operativa diaria habilitada para la recepción de eventos según el calendario institucional.,Fuera del candidato actual,Not implemented,,,,,,,,No ejecutado,,,Pablo (coordinacion); responsable de dominio pendiente,,,No implementado segun catalogo; requiere aprobacion explicita si se pretende excluir.
RF-ASI-002,RF,Debe,"El sistema debe procesar las lecturas del código QR de la credencial y registrar el movimiento de entrada o salida, validando que la credencial no esté revocada.",Fuera del candidato actual,Not implemented,,,,,,,,No ejecutado,,,Pablo (coordinacion); responsable de dominio pendiente,,,No implementado segun catalogo; requiere aprobacion explicita si se pretende excluir.
RF-ASI-003,RF,Debe,"Al realizar el escaneo, la pantalla de confirmación debe desplegar exclusivamente la fotografía, nombre completo, grado y sección del estudiante.",Fuera del candidato actual,Not implemented,,,,,,,,No ejecutado,,,Pablo (coordinacion); responsable de dominio pendiente,,,No implementado segun catalogo; requiere aprobacion explicita si se pretende excluir.
RF-ASI-004,RF,Debe,El sistema debe rechazar escaneos del mismo tipo de movimiento para el mismo estudiante registrados dentro de la ventana de supresión configurada (5 minutos).,Fuera del candidato actual,Not implemented,,,,,,,,No ejecutado,,,Pablo (coordinacion); responsable de dominio pendiente,,,No implementado segun catalogo; requiere aprobacion explicita si se pretende excluir.
RF-ASI-005,RF,Deberia,El sistema debe validar que el tipo de movimiento intentado esté explícitamente configurado y permitido para el punto de control en uso.,Fuera del candidato actual,Not implemented,,,,,,,,No ejecutado,,,Pablo (coordinacion); responsable de dominio pendiente,,,No implementado segun catalogo; requiere aprobacion explicita si se pretende excluir.
RF-ASI-006,RF,Debe,El sistema debe verificar que la cuenta del usuario posea el permiso granular e explícito correspondiente al tipo de movimiento y modo de captura que intenta ejecutar.,Fuera del candidato actual,Not implemented,,,,,,,,No ejecutado,,,Pablo (coordinacion); responsable de dominio pendiente,,,No implementado segun catalogo; requiere aprobacion explicita si se pretende excluir.
RF-ASI-007,RF,Debe,"El sistema debe registrar de forma independiente el origen del evento y la vía de transmisión, procesando de igual manera las transmisiones por lote que las inmediatas.",Fuera del candidato actual,Not implemented,,,,,,,,No ejecutado,,,Pablo (coordinacion); responsable de dominio pendiente,,,No implementado segun catalogo; requiere aprobacion explicita si se pretende excluir.
RF-ASI-008,RF,Debe,"La estampa de tiempo del evento debe provenir exclusivamente de la fuente de hora central autorizada, evitando manipulación desde el dispositivo local.",Fuera del candidato actual,Not implemented,,,,,,,,No ejecutado,,,Pablo (coordinacion); responsable de dominio pendiente,,,No implementado segun catalogo; requiere aprobacion explicita si se pretende excluir.
RF-ASI-009,RF,Debe,"En ausencia de conectividad, el sistema debe almacenar los lotes localmente de forma segura para transmitirlos al reestablecer la red.",Fuera del candidato actual,Not implemented,,,,,,,,No ejecutado,,,Pablo (coordinacion); responsable de dominio pendiente,,,No implementado segun catalogo; requiere aprobacion explicita si se pretende excluir.
RF-ASI-010,RF,Debe,La recepción o procesamiento repetido de un lote o elemento ya registrado no debe generar duplicados ni alterar el historial existente.,Fuera del candidato actual,Not implemented,,,,,,,,No ejecutado,,,Pablo (coordinacion); responsable de dominio pendiente,,,No implementado segun catalogo; requiere aprobacion explicita si se pretende excluir.
RF-ASI-011,RF,Deberia,"El sistema debe permitir el cierre declarado por sección solo a docentes u operadores autorizados, notificando antes de confirmar los estudiantes omitidos (con egreso, salida anticipada o ausentes).",Fuera del candidato actual,Not implemented,,,,,,,,No ejecutado,,,Pablo (coordinacion); responsable de dominio pendiente,,,No implementado segun catalogo; requiere aprobacion explicita si se pretende excluir.
RF-ASI-012,RF,Debe,El sistema debe requerir la selección de un motivo de una lista configurable para cualquier registro manual y marcarlo distintivamente de los escaneos.,Fuera del candidato actual,Not implemented,,,,,,,,No ejecutado,,,Pablo (coordinacion); responsable de dominio pendiente,,,No implementado segun catalogo; requiere aprobacion explicita si se pretende excluir.
RF-ASI-013,RF,Debe,"El sistema debe guardar trazabilidad completa en bitácora sobre el evento de cierre por sección, incluyendo los datos de cobertura y confirmación.",Incluido para validacion,Implemented,,,,,,,,No ejecutado,,,Pablo (coordinacion); responsable de dominio pendiente,,,Implementado segun catalogo; falta ejecutar evidencia sobre SHA candidato.
RF-ASI-014,RF,Debe,La respuesta del sistema ante el escaneo de credencial en el punto de control debe realizarse de forma inmediata para agilizar el flujo de estudiantes.,Fuera del candidato actual,Not implemented,,,,,,,,No ejecutado,,,Pablo (coordinacion); responsable de dominio pendiente,,,No implementado segun catalogo; requiere aprobacion explicita si se pretende excluir.
RF-AUL-001,RF,Deberia,"El sistema gestiona el catálogo de recintos, aulas y laboratorios del establecimiento indicando su código y ubicación.",Incluido para validacion,Implemented,,,,,,,,No ejecutado,,,Pablo (coordinacion); responsable de dominio pendiente,,,Implementado segun catalogo; falta ejecutar evidencia sobre SHA candidato.
RF-AUL-002,RF,Deberia,El sistema permite asignar un aula de referencia predeterminada para el desarrollo de las clases de una sección.,Fuera del candidato actual,Not implemented,,,,,,,,No ejecutado,,,Pablo (coordinacion); responsable de dominio pendiente,,,No implementado segun catalogo; requiere aprobacion explicita si se pretende excluir.
RF-AUL-003,RF,Deberia,El sistema permite registrar períodos de clase especiales (ej. Educación Física) sin la obligación de vincular un aula física fija.,Fuera del candidato actual,Not implemented,,,,,,,,No ejecutado,,,Pablo (coordinacion); responsable de dominio pendiente,,,No implementado segun catalogo; requiere aprobacion explicita si se pretende excluir.
RF-AUL-004,RF,Podria,Podría,Incluido para validacion,Implemented,,,,,,,,No ejecutado,,,Pablo (coordinacion); responsable de dominio pendiente,,,Implementado segun catalogo; falta ejecutar evidencia sobre SHA candidato.
RF-AUL-005,RF,Podria,"El sistema permite marcar un aula como temporalmente inhabilitada o en mantenimiento, bloqueando su asignación en los horarios.",Incluido para validacion,Implemented,,,,,,,,No ejecutado,,,Pablo (coordinacion); responsable de dominio pendiente,,,Implementado segun catalogo; falta ejecutar evidencia sobre SHA candidato.
RF-AUL-006,RF,Podria,El sistema impide la eliminación de recintos que cuenten con asignaciones registradas en ciclos lectivos anteriores.,Incluido para validacion,Implemented,,,,,,,,No ejecutado,,,Pablo (coordinacion); responsable de dominio pendiente,,,Implementado segun catalogo; falta ejecutar evidencia sobre SHA candidato.
RF-AUT-001,RF,Debe,El sistema autentica la identidad del usuario mediante la validación segura de su credencial de usuario y contraseña.,Fuera del candidato actual,Not implemented,,,,,,,,No ejecutado,,,Pablo (coordinacion); responsable de dominio pendiente,,,No implementado segun catalogo; requiere aprobacion explicita si se pretende excluir.
RF-AUT-002,RF,Debe,El sistema bloquea temporalmente el acceso a una cuenta tras superar un número máximo de intentos fallidos consecutivos.,Incluido para validacion,Implemented,,,,,,,,No ejecutado,,,Pablo (coordinacion); responsable de dominio pendiente,,,Implementado segun catalogo; falta ejecutar evidencia sobre SHA candidato.
RF-AUT-003,RF,Deberia,El tiempo de inactividad antes de expirar la sesión se parametriza según el nivel de seguridad asignado a cada rol.,Incluido condicionado,In Progress,,,,,,,,No ejecutado,,,Pablo (coordinacion); responsable de dominio pendiente,,,Requiere cerrar brecha y ejecutar evidencia antes de aceptacion.
RF-AUT-004,RF,Debe,"El usuario puede finalizar activamente su sesión, destruyendo las credenciales temporales y tokens de acceso almacenados.",Incluido condicionado,In Progress,,,,,,,,No ejecutado,,,Pablo (coordinacion); responsable de dominio pendiente,,,Requiere cerrar brecha y ejecutar evidencia antes de aceptacion.
RF-AUT-005,RF,Debe,El sistema invalida los tokens de edición al finalizar el tiempo asignado o cerrar manualmente la ventana de captura.,Fuera del candidato actual,Not implemented,,,,,,,,No ejecutado,,,Pablo (coordinacion); responsable de dominio pendiente,,,No implementado segun catalogo; requiere aprobacion explicita si se pretende excluir.
RF-AUT-006,RF,Debe,El sistema permite al usuario autenticado actualizar su clave personal requiriendo la confirmación de la contraseña actual.,Incluido para validacion,Implemented,,,,,,,,No ejecutado,,,Pablo (coordinacion); responsable de dominio pendiente,,,Implementado segun catalogo; falta ejecutar evidencia sobre SHA candidato.
RF-BIT-001,RF,Debe,"El sistema registra automáticamente en un historial auditado toda acción de creación, modificación o eliminación de datos.",Incluido para validacion,Implemented,,,,,,,,No ejecutado,,,Pablo (coordinacion); responsable de dominio pendiente,,,Implementado segun catalogo; falta ejecutar evidencia sobre SHA candidato.
RF-BIT-002,RF,Debe,"Cada registro de bitácora almacena timestamp, ID de usuario, dirección IP, acción realizada y los datos previos y posteriores al cambio.",Fuera del candidato actual,Not implemented,,,,,,,,No ejecutado,,,Pablo (coordinacion); responsable de dominio pendiente,,,No implementado segun catalogo; requiere aprobacion explicita si se pretende excluir.
RF-BIT-003,RF,Debe,El sistema audita de manera específica la visualización o consulta de información declarada confidencial o sensible.,Incluido para validacion,Implemented,,,,,,,,No ejecutado,,,Pablo (coordinacion); responsable de dominio pendiente,,,Implementado segun catalogo; falta ejecutar evidencia sobre SHA candidato.
RF-BIT-004,RF,Deberia,El sistema registra en la bitácora de seguridad los intentos no autorizados de acceso a recursos o módulos protegidos.,Incluido para validacion,Implemented,,,,,,,,No ejecutado,,,Pablo (coordinacion); responsable de dominio pendiente,,,Implementado segun catalogo; falta ejecutar evidencia sobre SHA candidato.
RF-BIT-005,RF,Debe,"Los asientos de auditoría creados son de solo lectura; el sistema impide la modificación, alteración o borrado de la bitácora.",Fuera del candidato actual,Not implemented,,,,,,,,No ejecutado,,,Pablo (coordinacion); responsable de dominio pendiente,,,No implementado segun catalogo; requiere aprobacion explicita si se pretende excluir.
RF-BIT-006,RF,Deberia,"La búsqueda, filtrado y exportación de eventos de la bitácora se limita exclusivamente a usuarios con rol de administrador global.",Incluido para validacion,Implemented,,,,,,,,No ejecutado,,,Pablo (coordinacion); responsable de dominio pendiente,,,Implementado segun catalogo; falta ejecutar evidencia sobre SHA candidato.
RF-BIT-007,RF,Debe,Las acciones en la bitácora conservan la autoría del usuario original aun si la cuenta asociada es posteriormente desactivada.,Fuera del candidato actual,Not implemented,,,,,,,,No ejecutado,,,Pablo (coordinacion); responsable de dominio pendiente,,,No implementado segun catalogo; requiere aprobacion explicita si se pretende excluir.
RF-CAL-001,RF,Debe,El sistema permite al docente ingresar la calificación correspondiente a cada estudiante para una unidad o período evaluativo en la subárea asignada.,Fuera del candidato actual,Not implemented,,,,,,,,No ejecutado,,,Pablo (coordinacion); responsable de dominio pendiente,,,No implementado segun catalogo; requiere aprobacion explicita si se pretende excluir.
RF-CAL-002,RF,Debe,"El sistema valida que los valores ingresados se encuentren dentro de la escala oficial permitida (ej. 0 a 100 puntos), rechazando montos fuera de rango.",Fuera del candidato actual,Not implemented,,,,,,,,No ejecutado,,,Pablo (coordinacion); responsable de dominio pendiente,,,No implementado segun catalogo; requiere aprobacion explicita si se pretende excluir.
RF-CAL-003,RF,Debe,"El sistema diferencia explícitamente entre una nota no ingresada o pendiente (""Sin calificar"") y una calificación efectiva asignada de cero (0).",Fuera del candidato actual,Not implemented,,,,,,,,No ejecutado,,,Pablo (coordinacion); responsable de dominio pendiente,,,No implementado segun catalogo; requiere aprobacion explicita si se pretende excluir.
RF-CAL-004,RF,Deberia,El sistema permite al docente importar calificaciones de forma masiva a través de plantillas de archivos estructurados (ej. CSV o Excel).,Fuera del candidato actual,Not implemented,,,,,,,,No ejecutado,,,Pablo (coordinacion); responsable de dominio pendiente,,,No implementado segun catalogo; requiere aprobacion explicita si se pretende excluir.
RF-CAL-005,RF,Debe,"El sistema habilita la modificación de una nota previamente registrada siempre que la ventana esté activa o cuente con autorización, registrando el cambio en bitácora.",Incluido para validacion,Implemented,,,,,,,,No ejecutado,,,Pablo (coordinacion); responsable de dominio pendiente,,,Implementado segun catalogo; falta ejecutar evidencia sobre SHA candidato.
RF-CAL-006,RF,Debe,El docente solo puede visualizar e ingresar notas para las subáreas y secciones que tiene formalmente asignadas en el ciclo lectivo.,Fuera del candidato actual,Not implemented,,,,,,,,No ejecutado,,,Pablo (coordinacion); responsable de dominio pendiente,,,No implementado segun catalogo; requiere aprobacion explicita si se pretende excluir.
RF-CAL-007,RF,Debe,Las calificaciones son visibles para el encargado una vez completado el proceso de publicación o cierre de la ventana de captura por la dirección.,Incluido para validacion,Implemented,,,,,,,,No ejecutado,,,Pablo (coordinacion); responsable de dominio pendiente,,,Implementado segun catalogo; falta ejecutar evidencia sobre SHA candidato.
RF-CAL-008,RF,Deberia,El sistema muestra un panel de control indicando el porcentaje de avance de captura de notas y las calificaciones faltantes por docente y sección.,Fuera del candidato actual,Not implemented,,,,,,,,No ejecutado,,,Pablo (coordinacion); responsable de dominio pendiente,,,No implementado segun catalogo; requiere aprobacion explicita si se pretende excluir.
RF-CIC-001,RF,Debe,"El sistema permite crear un ciclo lectivo indicando su año correspondiente, fecha de inicio, fecha de término y descripción institucional.",Incluido para validacion,Implemented,,,,,,,,No ejecutado,,,Pablo (coordinacion); responsable de dominio pendiente,,,Implementado segun catalogo; falta ejecutar evidencia sobre SHA candidato.
RF-CIC-002,RF,Debe,"El sistema gestiona la transición de estados para el ciclo escolar (ej. Planificación, Activo, Cerrado) restringiendo operaciones según su estado actual.",Pendiente de clasificacion,In progress,,,,,,,,No ejecutado,,,Pablo (coordinacion); responsable de dominio pendiente,,,No se encontro estado confiable en catalogo; revisar en D1.
RF-CIC-003,RF,Debe,El sistema permite activar formalmente el ciclo lectivo una vez validados los parámetros académicos y la carga docente de apertura.,Fuera del candidato actual,Not implemented,,,,,,,,No ejecutado,,,Pablo (coordinacion); responsable de dominio pendiente,,,No implementado segun catalogo; requiere aprobacion explicita si se pretende excluir.
RF-CIC-004,RF,Debe,"Al ejecutar el cierre del ciclo lectivo, el sistema bloquea las modificaciones a las notas, marcaciones y expedientes del año concluido.",Fuera del candidato actual,Not implemented,,,,,,,,No ejecutado,,,Pablo (coordinacion); responsable de dominio pendiente,,,No implementado segun catalogo; requiere aprobacion explicita si se pretende excluir.
RF-CIC-005,RF,Deberia,El sistema permite al administrador la reapertura temporal de un ciclo cerrado bajo autorización explícita y registrando obligatoriamente el evento en la bitácora.,Fuera del candidato actual,Not implemented,,,,,,,,No ejecutado,,,Pablo (coordinacion); responsable de dominio pendiente,,,No implementado segun catalogo; requiere aprobacion explicita si se pretende excluir.
RF-CIC-006,RF,Debe,El sistema garantiza que los datos de ciclos anteriores permanezcan inalterados y consultables para auditorías o emisión de notas históricas.,Fuera del candidato actual,Not implemented,,,,,,,,No ejecutado,,,Pablo (coordinacion); responsable de dominio pendiente,,,No implementado segun catalogo; requiere aprobacion explicita si se pretende excluir.
RF-CIC-007,RF,Deberia,"El sistema permite copiar la estructura académica (grados, subáreas y configuraciones base) del ciclo finalizado hacia el nuevo ciclo en preparación.",Incluido para validacion,Implemented,,,,,,,,No ejecutado,,,Pablo (coordinacion); responsable de dominio pendiente,,,Implementado segun catalogo; falta ejecutar evidencia sobre SHA candidato.
RF-CRE-001,RF,Debe,"El sistema genera para cada estudiante un código QR único que contiene un identificador opaco y encriptado, garantizando que no exponga datos personales directos al ser escaneado por aplicaciones externas.",Fuera del candidato actual,Not implemented,,,,,,,,No ejecutado,,,Pablo (coordinacion); responsable de dominio pendiente,,,No implementado segun catalogo; requiere aprobacion explicita si se pretende excluir.
RF-CRE-002,RF,Debe,"La credencial física/digital despliega claramente la fotografía, nombre completo, grado, sección y el código QR de verificación del estudiante.",Fuera del candidato actual,Not implemented,,,,,,,,No ejecutado,,,Pablo (coordinacion); responsable de dominio pendiente,,,No implementado segun catalogo; requiere aprobacion explicita si se pretende excluir.
RF-CRE-003,RF,Debe,El sistema permite definir un período de vigencia para la credencial y la posibilidad de revocarla inmediatamente en caso de extravío o retiro del estudiante.,Fuera del candidato actual,Not implemented,,,,,,,,No ejecutado,,,Pablo (coordinacion); responsable de dominio pendiente,,,No implementado segun catalogo; requiere aprobacion explicita si se pretende excluir.
RF-CRE-004,RF,Debe,"Al reemitir o reponer una credencial revocada por pérdida, el nuevo código QR se vincula al estudiante sin perder ni alterar el historial previo de marcaciones.",Fuera del candidato actual,Not implemented,,,,,,,,No ejecutado,,,Pablo (coordinacion); responsable de dominio pendiente,,,No implementado segun catalogo; requiere aprobacion explicita si se pretende excluir.
RF-CRE-005,RF,Debe,La revocación de un identificador de credencial no elimina ni invalida las marcaciones registradas históricamente con dicha credencial.,Fuera del candidato actual,Not implemented,,,,,,,,No ejecutado,,,Pablo (coordinacion); responsable de dominio pendiente,,,No implementado segun catalogo; requiere aprobacion explicita si se pretende excluir.
RF-CRE-006,RF,Debe,El sistema valida e interpreta el identificador opaco en tiempo real para resolver y mostrar en pantalla los datos del estudiante correspondiente.,Fuera del candidato actual,Not implemented,,,,,,,,No ejecutado,,,Pablo (coordinacion); responsable de dominio pendiente,,,No implementado segun catalogo; requiere aprobacion explicita si se pretende excluir.
RF-CTA-001,RF,Debe,La alta de cuentas de usuario en el sistema se realiza únicamente por administradores; el autoregistro público está desactivado.,Incluido para validacion,Implemented,,,,,,,,No ejecutado,,,Pablo (coordinacion); responsable de dominio pendiente,,,Implementado segun catalogo; falta ejecutar evidencia sobre SHA candidato.
RF-CTA-002,RF,Debe,"Toda cuenta de usuario creada debe enlazarse obligatoriamente al expediente de una persona (docente, secretario, tutor) en la base de datos.",Incluido condicionado,In Progress,,,,,,,,No ejecutado,,,Pablo (coordinacion); responsable de dominio pendiente,,,Requiere cerrar brecha y ejecutar evidencia antes de aceptacion.
RF-CTA-003,RF,Debe,,Fuera del candidato actual,Not implemented,,,,,,,,No ejecutado,,,Pablo (coordinacion); responsable de dominio pendiente,,,No implementado segun catalogo; requiere aprobacion explicita si se pretende excluir.
RF-CTA-004,RF,Debe,"El sistema valida que las contraseñas cumplan reglas de complejidad (ej. longitud mínima, mayúsculas, números y caracteres especiales).",Incluido para validacion,Implemented,,,,,,,,No ejecutado,,,Pablo (coordinacion); responsable de dominio pendiente,,,Implementado segun catalogo; falta ejecutar evidencia sobre SHA candidato.
RF-CTA-005,RF,Debe,"El administrador puede iniciar el proceso de blanqueo o restablecimiento de contraseña para un usuario, emitiendo un enlace o clave temporal.",Fuera del candidato actual,Not implemented,,,,,,,,No ejecutado,,,Pablo (coordinacion); responsable de dominio pendiente,,,No implementado segun catalogo; requiere aprobacion explicita si se pretende excluir.
RF-CTA-006,RF,Debe,El sistema deshabilita cuentas en lugar de eliminarlas físicamente para preservar los registros de auditoría e historial institucional.,Fuera del candidato actual,Not implemented,,,,,,,,No ejecutado,,,Pablo (coordinacion); responsable de dominio pendiente,,,No implementado segun catalogo; requiere aprobacion explicita si se pretende excluir.
RF-CTA-007,RF,Debe,"El sistema impide que un usuario se autoasigne permisos, roles o accesos superiores a los que ya tiene concedidos por su rol.",Incluido para validacion,Implemented,,,,,,,,No ejecutado,,,Pablo (coordinacion); responsable de dominio pendiente,,,Implementado segun catalogo; falta ejecutar evidencia sobre SHA candidato.
RF-DOC-001,RF,Debe,El sistema permite asociar cada archivo subido o documento digital al expediente institucional del estudiante o docente correspondiente.,Incluido para validacion,Implemented,,,,,,,,No ejecutado,,,Pablo (coordinacion); responsable de dominio pendiente,,,Implementado segun catalogo; falta ejecutar evidencia sobre SHA candidato.
RF-DOC-002,RF,Debe,"El sistema administra un catálogo parametrizable de categorías documentales (ej. Fe de Bautismo, Certificado Médico, DPI Encargado).",Incluido para validacion,Implemented,,,,,,,,No ejecutado,,,Pablo (coordinacion); responsable de dominio pendiente,,,Implementado segun catalogo; falta ejecutar evidencia sobre SHA candidato.
RF-DOC-003,RF,Debe,El sistema permite especificar la lista de verificación de requisitos documentales obligatorios requeridos durante la fase de inscripción o matrícula.,Incluido para validacion,Implemented,,,,,,,,No ejecutado,,,Pablo (coordinacion); responsable de dominio pendiente,,,Implementado segun catalogo; falta ejecutar evidencia sobre SHA candidato.
RF-DOC-004,RF,Debe,El acceso y consulta a los expedientes documentales se restringe estrictamente según el rol y el ámbito de responsabilidad asignado al usuario.,Incluido para validacion,Implemented,,,,,,,,No ejecutado,,,Pablo (coordinacion); responsable de dominio pendiente,,,Implementado segun catalogo; falta ejecutar evidencia sobre SHA candidato.
RF-DOC-005,RF,Debe,El sistema habilita la descarga de expedientes o archivos adjuntos únicamente a usuarios autenticados que dispongan de los permisos requeridos.,Incluido para validacion,Implemented,,,,,,,,No ejecutado,,,Pablo (coordinacion); responsable de dominio pendiente,,,Implementado segun catalogo; falta ejecutar evidencia sobre SHA candidato.
RF-DOC-006,RF,Debe,"El sistema registra en la bitácora de auditoría cada evento de consulta, visualización o descarga de un documento confidencial.",Incluido para validacion,Implemented,,,,,,,,No ejecutado,,,Pablo (coordinacion); responsable de dominio pendiente,,,Implementado segun catalogo; falta ejecutar evidencia sobre SHA candidato.
RF-DOC-007,RF,Deberia,El sistema permite cargar archivos PDF o imágenes capturados directamente desde periféricos de digitalización de forma directa al expediente.,Fuera del candidato actual,Not implemented,,,,,,,,No ejecutado,,,Pablo (coordinacion); responsable de dominio pendiente,,,No implementado segun catalogo; requiere aprobacion explicita si se pretende excluir.
RF-DOC-008,RF,Debe,Los reportes dinámicos o certificados generados en PDF bajo demanda por el sistema se compilan en tiempo real y no se almacenan en disco innecesariamente.,Incluido para validacion,Implemented,,,,,,,,No ejecutado,,,Pablo (coordinacion); responsable de dominio pendiente,,,Implementado segun catalogo; falta ejecutar evidencia sobre SHA candidato.
RF-DOC-009,RF,Debe,El sistema ofrece una vista consolidada para consultar el expediente digital completo del estudiante con todos sus adjuntos e historial institucional.,Incluido para validacion,Implemented,,,,,,,,No ejecutado,,,Pablo (coordinacion); responsable de dominio pendiente,,,Implementado segun catalogo; falta ejecutar evidencia sobre SHA candidato.
RF-DOC-010,RF,Debe,"Al actualizar los datos de un estudiante o reasignar su sección, los enlaces y vínculos a sus documentos históricos permanecen intactos.",Incluido para validacion,Implemented,,,,,,,,No ejecutado,,,Pablo (coordinacion); responsable de dominio pendiente,,,Implementado segun catalogo; falta ejecutar evidencia sobre SHA candidato.
RF-EMI-001,RF,Debe,"El sistema permite generar e imprimir de forma individual constancias, certificados y boletas de calificaciones para un estudiante seleccionado.",Incluido para validacion,Implemented,,,,,,,,No ejecutado,,,Pablo (coordinacion); responsable de dominio pendiente,,,Implementado segun catalogo; falta ejecutar evidencia sobre SHA candidato.
RF-EMI-002,RF,Debe,Todo documento oficial impreso o exportado por el sistema incluye la fecha y hora exacta en la que se realizó la impresión.,Incluido para validacion,Implemented,,,,,,,,No ejecutado,,,Pablo (coordinacion); responsable de dominio pendiente,,,Implementado segun catalogo; falta ejecutar evidencia sobre SHA candidato.
RF-EMI-003,RF,Debe,El sistema asigna un número de folio o correlativo único e incremental a cada documento oficial emitido por la institución.,Incluido para validacion,Implemented,,,,,,,,No ejecutado,,,Pablo (coordinacion); responsable de dominio pendiente,,,Implementado segun catalogo; falta ejecutar evidencia sobre SHA candidato.
RF-EMI-004,RF,Deberia,El sistema valida la solvencia administrativa o estado del expediente antes de autorizar la emisión de certificaciones oficiales.,Fuera del candidato actual,Not implemented,,,,,,,,No ejecutado,,,Pablo (coordinacion); responsable de dominio pendiente,,,No implementado segun catalogo; requiere aprobacion explicita si se pretende excluir.
RF-EMI-005,RF,Debe,El sistema permite emitir boletas de calificaciones y certificados de ciclos lectivos pasados sin alterar la información histórica guardada.,Fuera del candidato actual,Not implemented,,,,,,,,No ejecutado,,,Pablo (coordinacion); responsable de dominio pendiente,,,No implementado segun catalogo; requiere aprobacion explicita si se pretende excluir.
RF-EMI-006,RF,Debe,El sistema permite la generación masiva e impresión en bloque de boletas o documentos para toda una sección o grado completo.,Fuera del candidato actual,Not implemented,,,,,,,,No ejecutado,,,Pablo (coordinacion); responsable de dominio pendiente,,,No implementado segun catalogo; requiere aprobacion explicita si se pretende excluir.
RF-EMI-007,RF,Deberia,"El sistema almacena una bitácora con el historial de documentos emitidos, indicando usuario, fecha, tipo de documento y estudiante.",Fuera del candidato actual,Not implemented,,,,,,,,No ejecutado,,,Pablo (coordinacion); responsable de dominio pendiente,,,No implementado segun catalogo; requiere aprobacion explicita si se pretende excluir.
RF-EMI-008,RF,Deberia,El sistema permite registrar la constancia o acuse de entrega del documento impreso al padre de familia o encargado.,Fuera del candidato actual,Not implemented,,,,,,,,No ejecutado,,,Pablo (coordinacion); responsable de dominio pendiente,,,No implementado segun catalogo; requiere aprobacion explicita si se pretende excluir.
RF-EMI-009,RF,Podria,El sistema imprime un código de verificación (QR o hash) en los documentos emitidos para validar su autenticidad de forma pública.,Fuera del candidato actual,Not implemented,,,,,,,,No ejecutado,,,Pablo (coordinacion); responsable de dominio pendiente,,,No implementado segun catalogo; requiere aprobacion explicita si se pretende excluir.
RF-EST-001,RF,Debe,"El sistema gestiona la lista de grados o niveles educativos que ofrece la institución (ej. Primero Primaria, Primero Básico).",Fuera del candidato actual,Not implemented,,,,,,,,No ejecutado,,,Pablo (coordinacion); responsable de dominio pendiente,,,No implementado segun catalogo; requiere aprobacion explicita si se pretende excluir.
RF-EST-002,RF,Debe,"El sistema parametriza las jornadas educativas habilitadas en el centro (ej. Matutina, Vespertina).",Incluido para validacion,Implemented,,,,,,,,No ejecutado,,,Pablo (coordinacion); responsable de dominio pendiente,,,Implementado segun catalogo; falta ejecutar evidencia sobre SHA candidato.
RF-EST-003,RF,Debe,El sistema gestiona las materias o subáreas curriculares que forman parte del plan de estudios oficial para el ciclo.,Fuera del candidato actual,Not implemented,,,,,,,,No ejecutado,,,Pablo (coordinacion); responsable de dominio pendiente,,,No implementado segun catalogo; requiere aprobacion explicita si se pretende excluir.
RF-EST-004,RF,Podria,,Fuera del candidato actual,Not implemented,,,,,,,,No ejecutado,,,Pablo (coordinacion); responsable de dominio pendiente,,,No implementado segun catalogo; requiere aprobacion explicita si se pretende excluir.
RF-EST-005,RF,Debe,El sistema define la asignación de las subáreas que corresponden a cada grado dentro de un ciclo escolar determinado.,Fuera del candidato actual,Not implemented,,,,,,,,No ejecutado,,,Pablo (coordinacion); responsable de dominio pendiente,,,No implementado segun catalogo; requiere aprobacion explicita si se pretende excluir.
RF-EST-006,RF,Deberia,El sistema establece la cantidad de períodos o horas semanales destinadas a cada subárea dentro del plan de estudios.,Incluido para validacion,Implemented,,,,,,,,No ejecutado,,,Pablo (coordinacion); responsable de dominio pendiente,,,Implementado segun catalogo; falta ejecutar evidencia sobre SHA candidato.
RF-EST-007,RF,Debe,"El sistema permite subdividir un grado en distintas secciones (ej. Sección ""A"", ""B"") para agrupar a los estudiantes.",Fuera del candidato actual,Not implemented,,,,,,,,No ejecutado,,,Pablo (coordinacion); responsable de dominio pendiente,,,No implementado segun catalogo; requiere aprobacion explicita si se pretende excluir.
RF-EST-008,RF,Debe,El sistema define el cupo máximo por sección y muestra en tiempo real la cantidad de vacantes disponibles y utilizadas.,Fuera del candidato actual,Not implemented,,,,,,,,No ejecutado,,,Pablo (coordinacion); responsable de dominio pendiente,,,No implementado segun catalogo; requiere aprobacion explicita si se pretende excluir.
RF-EST-009,RF,Debe,El sistema asigna formalmente a un docente como titular o responsable del impartimiento de una subárea en una sección específica.,Incluido para validacion,Implemented,,,,,,,,No ejecutado,,,Pablo (coordinacion); responsable de dominio pendiente,,,Implementado segun catalogo; falta ejecutar evidencia sobre SHA candidato.
RF-EST-010,RF,Deberia,El sistema verifica que todas las subáreas de las secciones configuradas tengan asignado un docente antes de permitir la activación del ciclo.,Fuera del candidato actual,Not implemented,,,,,,,,No ejecutado,,,Pablo (coordinacion); responsable de dominio pendiente,,,No implementado segun catalogo; requiere aprobacion explicita si se pretende excluir.
RF-EST-011,RF,Debe,El sistema permite modificar la estructura (grados/secciones) únicamente cuando el ciclo está en estado de planificación.,Fuera del candidato actual,Not implemented,,,,,,,,No ejecutado,,,Pablo (coordinacion); responsable de dominio pendiente,,,No implementado segun catalogo; requiere aprobacion explicita si se pretende excluir.
RF-EST-012,RF,Deberia,El sistema inhabilita o desactiva elementos de la estructura académica en desuso en lugar de eliminarlos para preservar la integridad referencial.,Incluido para validacion,Implemented,,,,,,,,No ejecutado,,,Pablo (coordinacion); responsable de dominio pendiente,,,Implementado segun catalogo; falta ejecutar evidencia sobre SHA candidato.
RF-EST-013,RF,Debe,Las modificaciones en la estructura de un ciclo activo no alteran la configuración o registros de ciclos académicos anteriores.,Fuera del candidato actual,Not implemented,,,,,,,,No ejecutado,,,Pablo (coordinacion); responsable de dominio pendiente,,,No implementado segun catalogo; requiere aprobacion explicita si se pretende excluir.
RF-EVC-001,RF,Debe,,Fuera del candidato actual,Not implemented,,,,,,,,No ejecutado,,,Pablo (coordinacion); responsable de dominio pendiente,,,No implementado segun catalogo; requiere aprobacion explicita si se pretende excluir.
RF-EVC-002,RF,Debe,"El sistema habilita fechas de inicio y cierre (ventanas) para que los docentes ingresen notas; vencido el plazo, la captura se bloquea automáticamente.",Fuera del candidato actual,Not implemented,,,,,,,,No ejecutado,,,Pablo (coordinacion); responsable de dominio pendiente,,,No implementado segun catalogo; requiere aprobacion explicita si se pretende excluir.
RF-EVC-003,RF,Debe,El sistema administra un período de tiempo delimitado para la asignación y registro de notas derivadas de evaluaciones de recuperación.,Fuera del candidato actual,Not implemented,,,,,,,,No ejecutado,,,Pablo (coordinacion); responsable de dominio pendiente,,,No implementado segun catalogo; requiere aprobacion explicita si se pretende excluir.
RF-EVC-004,RF,Deberia,El sistema permite a la dirección otorgar prórrogas o aperturas excepcionales de ventana de captura a docentes específicos de forma auditada.,Fuera del candidato actual,Not implemented,,,,,,,,No ejecutado,,,Pablo (coordinacion); responsable de dominio pendiente,,,No implementado segun catalogo; requiere aprobacion explicita si se pretende excluir.
RF-EVC-005,RF,Deberia,"El sistema establece un calendario evaluativo base aplicable a todos los grados, permitiendo ajustes específicos cuando la normativa lo requiera.",Fuera del candidato actual,Not implemented,,,,,,,,No ejecutado,,,Pablo (coordinacion); responsable de dominio pendiente,,,No implementado segun catalogo; requiere aprobacion explicita si se pretende excluir.
RF-EVC-006,RF,Podria,El sistema permite replicar la estructura de unidades y parámetros evaluativos de un ciclo previo como base para un nuevo ciclo lectivo.,Incluido para validacion,Implemented,,,,,,,,No ejecutado,,,Pablo (coordinacion); responsable de dominio pendiente,,,Implementado segun catalogo; falta ejecutar evidencia sobre SHA candidato.
RF-EVC-007,RF,Debe,"El sistema gestiona los estados de cada unidad (ej. Pendiente, En captura, CERRADA), impidiendo alteraciones cuando la unidad alcanza el estado cerrado.",Incluido para validacion,Implemented,,,,,,,,No ejecutado,,,Pablo (coordinacion); responsable de dominio pendiente,,,Implementado segun catalogo; falta ejecutar evidencia sobre SHA candidato.
RF-EXP-001,RF,Debe,"El sistema permite registrar los datos personales, demográficos e identificación básica del estudiante en su expediente digital.",Incluido para validacion,Implemented,,,,,,,,No ejecutado,,,Pablo (coordinacion); responsable de dominio pendiente,,,Implementado segun catalogo; falta ejecutar evidencia sobre SHA candidato.
RF-EXP-002,RF,Debe,El sistema genera o valida un identificador o código ministerial/institucional único e irrepetible para cada estudiante.,Incluido para validacion,Implemented,,,,,,,,No ejecutado,,,Pablo (coordinacion); responsable de dominio pendiente,,,Implementado segun catalogo; falta ejecutar evidencia sobre SHA candidato.
RF-EXP-003,RF,Debe,"El sistema gestiona los distintos estados de permanencia del estudiante (ej. Activo, Inactivo, Retirado, Graduado) restringiendo operaciones según corresponda.",Incluido para validacion,Implemented,,,,,,,,No ejecutado,,,Pablo (coordinacion); responsable de dominio pendiente,,,Implementado segun catalogo; falta ejecutar evidencia sobre SHA candidato.
RF-EXP-004,RF,Debe,El sistema permite asociar uno o varios padres de familia o encargados legales al expediente del estudiante especificando el tipo de parentesco.,Incluido para validacion,Implemented,,,,,,,,No ejecutado,,,Pablo (coordinacion); responsable de dominio pendiente,,,Implementado segun catalogo; falta ejecutar evidencia sobre SHA candidato.
RF-EXP-005,RF,Debe,"El sistema permite registrar datos de contacto alternativos (nombre, teléfono y relación) para casos de emergencia.",Incluido para validacion,Implemented,,,,,,,,No ejecutado,,,Pablo (coordinacion); responsable de dominio pendiente,,,Implementado segun catalogo; falta ejecutar evidencia sobre SHA candidato.
RF-EXP-006,RF,Deberia,"El sistema permite registrar anotaciones de conducta u observaciones pedagógicas con fecha, autor y descripción dentro del expediente.",Incluido condicionado,In Progress,,,,,,,,No ejecutado,,,Pablo (coordinacion); responsable de dominio pendiente,,,Requiere cerrar brecha y ejecutar evidencia antes de aceptacion.
RF-EXP-007,RF,Debe,El sistema permite cargar y visualizar una imagen fotográfica del perfil del estudiante para fines de identificación institucional.,Incluido para validacion,Implemented,,,,,,,,No ejecutado,,,Pablo (coordinacion); responsable de dominio pendiente,,,Implementado segun catalogo; falta ejecutar evidencia sobre SHA candidato.
RF-EXP-008,RF,Debe,El sistema mantiene inalterable e histórico el expediente del alumno sin permitir eliminaciones físicas que destruyan el historial académico.,Incluido para validacion,Implemented,,,,,,,,No ejecutado,,,Pablo (coordinacion); responsable de dominio pendiente,,,Implementado segun catalogo; falta ejecutar evidencia sobre SHA candidato.
RF-EXP-009,RF,Deberia,"El sistema permite registrar información relevante sobre alergias, padecimientos o condiciones médicas con acceso restringido por privacidad.",Incluido para validacion,Implemented,,,,,,,,No ejecutado,,,Pablo (coordinacion); responsable de dominio pendiente,,,Implementado segun catalogo; falta ejecutar evidencia sobre SHA candidato.
RF-HOR-001,RF,Debe,El sistema estructura la cuadrícula de períodos de clase definiendo hora de inicio y fin para cada bloque dentro de la jornada escolar.,Incluido para validacion,Implemented,,,,,,,,No ejecutado,,,Pablo (coordinacion); responsable de dominio pendiente,,,Implementado segun catalogo; falta ejecutar evidencia sobre SHA candidato.
RF-HOR-002,RF,Debe,El módulo de horarios administra únicamente períodos lectivos de clase y no interfiere con las ventanas operativas del control de ingreso.,Incluido para validacion,Implemented,,,,,,,,No ejecutado,,,Pablo (coordinacion); responsable de dominio pendiente,,,Implementado segun catalogo; falta ejecutar evidencia sobre SHA candidato.
RF-HOR-003,RF,Debe,"El sistema permite agendar las sesiones de clase asociando una subárea, sección, día de la semana y bloque de horario específico.",Incluido para validacion,Implemented,,,,,,,,No ejecutado,,,Pablo (coordinacion); responsable de dominio pendiente,,,Implementado segun catalogo; falta ejecutar evidencia sobre SHA candidato.
RF-HOR-004,RF,Debe,El sistema asigna automáticamente al docente responsable de la sesión de clase basándose en la estructuración de la carga académica previa.,Incluido para validacion,Implemented,,,,,,,,No ejecutado,,,Pablo (coordinacion); responsable de dominio pendiente,,,Implementado segun catalogo; falta ejecutar evidencia sobre SHA candidato.
RF-HOR-005,RF,Debe,El sistema bloquea el registro e informa el conflicto cuando se intenta programar dos clases para la misma sección o aula en el mismo bloque.,Pendiente de clasificacion,Partially implemented,,,,,,,,No ejecutado,,,Pablo (coordinacion); responsable de dominio pendiente,,,No se encontro estado confiable en catalogo; revisar en D1.
RF-HOR-006,RF,Deberia,El sistema detecta y notifica de inmediato si un docente resulta programado en dos secciones distintas dentro del mismo bloque de horario.,Fuera del candidato actual,Not implemented,,,,,,,,No ejecutado,,,Pablo (coordinacion); responsable de dominio pendiente,,,No implementado segun catalogo; requiere aprobacion explicita si se pretende excluir.
RF-HOR-007,RF,Deberia,El sistema verifica que el total de períodos agendados semanalmente para una subárea coincida con la carga horaria del plan de estudios.,Fuera del candidato actual,Not implemented,,,,,,,,No ejecutado,,,Pablo (coordinacion); responsable de dominio pendiente,,,No implementado segun catalogo; requiere aprobacion explicita si se pretende excluir.
RF-HOR-008,RF,Deberia,El sistema permite fijar una fecha de inicio de vigencia para los horarios de clase ante reestructuraciones a mitad de ciclo.,Fuera del candidato actual,Not implemented,,,,,,,,No ejecutado,,,Pablo (coordinacion); responsable de dominio pendiente,,,No implementado segun catalogo; requiere aprobacion explicita si se pretende excluir.
RF-HOR-009,RF,Debe,"El horario de clases es visible para docentes, estudiantes y padres de familia únicamente tras ser publicado oficialmente por la dirección.",Incluido para validacion,Implemented,,,,,,,,No ejecutado,,,Pablo (coordinacion); responsable de dominio pendiente,,,Implementado segun catalogo; falta ejecutar evidencia sobre SHA candidato.
RF-HOR-010,RF,Debe,El sistema muestra a cada usuario una vista personalizada de su horario semanal acorde a sus asignaciones o tutela.,Incluido para validacion,Implemented,,,,,,,,No ejecutado,,,Pablo (coordinacion); responsable de dominio pendiente,,,Implementado segun catalogo; falta ejecutar evidencia sobre SHA candidato.
RF-HOR-011,RF,Podria,El sistema permite copiar la distribución de bloques de un horario existente hacia otra sección con similar plan de estudios.,Fuera del candidato actual,Not implemented,,,,,,,,No ejecutado,,,Pablo (coordinacion); responsable de dominio pendiente,,,No implementado segun catalogo; requiere aprobacion explicita si se pretende excluir.
RF-JOR-001,RF,Debe,El sistema debe determinar la ventana operativa diaria habilitada para la recepción de eventos según el calendario institucional.,Fuera del candidato actual,Not implemented,,,,,,,,No ejecutado,,,Pablo (coordinacion); responsable de dominio pendiente,,,No implementado segun catalogo; requiere aprobacion explicita si se pretende excluir.
RF-JOR-002,RF,Debe,El sistema evalúa la hora de ingreso registrada frente al horario oficial para clasificar automáticamente la asistencia en puntual o tardía.,Fuera del candidato actual,Not implemented,,,,,,,,No ejecutado,,,Pablo (coordinacion); responsable de dominio pendiente,,,No implementado segun catalogo; requiere aprobacion explicita si se pretende excluir.
RF-JOR-003,RF,Debe,"El sistema consolida el estado final de la jornada aplicando el orden de precedencia establecido entre escaneos, registros manuales y cierres declarados.",Fuera del candidato actual,Not implemented,,,,,,,,No ejecutado,,,Pablo (coordinacion); responsable de dominio pendiente,,,No implementado segun catalogo; requiere aprobacion explicita si se pretende excluir.
RF-JOR-004,RF,Debe,Ningún evento registrado de la jornada se sobrescribe o elimina; las reevaluaciones generan un nuevo estado auditable conservando la trazabilidad anterior.,Fuera del candidato actual,Not implemented,,,,,,,,No ejecutado,,,Pablo (coordinacion); responsable de dominio pendiente,,,No implementado segun catalogo; requiere aprobacion explicita si se pretende excluir.
RF-JOR-005,RF,Deberia,El sistema identifica y registra desacuerdos o inconsistencias entre marcaciones de distintas fuentes para su revisión sin sobrescribir la historia original.,Fuera del candidato actual,Not implemented,,,,,,,,No ejecutado,,,Pablo (coordinacion); responsable de dominio pendiente,,,No implementado segun catalogo; requiere aprobacion explicita si se pretende excluir.
RF-JOR-006,RF,Deberia,"Ante la aprobación de una justificación o corrección autorizada, el sistema recalcula automáticamente el estado diario conservando la trazabilidad.",Fuera del candidato actual,Not implemented,,,,,,,,No ejecutado,,,Pablo (coordinacion); responsable de dominio pendiente,,,No implementado segun catalogo; requiere aprobacion explicita si se pretende excluir.
RF-JOR-007,RF,Debe,El padre recibe una notificación cuando su hijo registra una inasistencia.,Fuera del candidato actual,Not implemented,,,,,,,,No ejecutado,,,Pablo (coordinacion); responsable de dominio pendiente,,,No implementado segun catalogo; requiere aprobacion explicita si se pretende excluir.
RF-JOR-008,RF,Debe,El sistema muestra el horario activo con el aula asignada a cada docente por período para consultar la ubicación en tiempo real.,Fuera del candidato actual,Not implemented,,,,,,,,No ejecutado,,,Pablo (coordinacion); responsable de dominio pendiente,,,No implementado segun catalogo; requiere aprobacion explicita si se pretende excluir.
RF-JOR-009,RF,Debe,El sistema calcula automáticamente el porcentaje de asistencia acumulado por estudiante durante el ciclo escolar para reportes institucionales.,Fuera del candidato actual,Not implemented,,,,,,,,No ejecutado,,,Pablo (coordinacion); responsable de dominio pendiente,,,No implementado segun catalogo; requiere aprobacion explicita si se pretende excluir.
RF-JOR-010,RF,Deberia,,Fuera del candidato actual,Not implemented,,,,,,,,No ejecutado,,,Pablo (coordinacion); responsable de dominio pendiente,,,No implementado segun catalogo; requiere aprobacion explicita si se pretende excluir.
RF-JOR-011,RF,Deberia,El sistema despliega notas y advertencias sobre el carácter informativo o reglamentario del porcentaje de asistencia al generar reportes.,Fuera del candidato actual,Not implemented,,,,,,,,No ejecutado,,,Pablo (coordinacion); responsable de dominio pendiente,,,No implementado segun catalogo; requiere aprobacion explicita si se pretende excluir.
RF-JUS-001,RF,Debe,El padre puede ingresar una justificación indicando la fecha de ausencia y el motivo. El padre puede adjuntar documentos de respaldo (constancia médica u otro). El sistema notifica al docente correspondiente al enviar la justificación.,Fuera del candidato actual,Not implemented,,,,,,,,No ejecutado,,,Pablo (coordinacion); responsable de dominio pendiente,,,No implementado segun catalogo; requiere aprobacion explicita si se pretende excluir.
RF-JUS-002,RF,Debe,El padre de familia o encargado solo puede enviar y consultar solicitudes de justificación asociadas a los estudiantes bajo su tutela explícitamente registrados.,Fuera del candidato actual,Not implemented,,,,,,,,No ejecutado,,,Pablo (coordinacion); responsable de dominio pendiente,,,No implementado segun catalogo; requiere aprobacion explicita si se pretende excluir.
RF-JUS-003,RF,Deberia,El padre de familia puede enviar la justificación directamente desde la plataforma dentro de la ventana de tiempo o plazo estipulado por la normativa institucional.,Fuera del candidato actual,Not implemented,,,,,,,,No ejecutado,,,Pablo (coordinacion); responsable de dominio pendiente,,,No implementado segun catalogo; requiere aprobacion explicita si se pretende excluir.
RF-JUS-004,RF,Debe,"El sistema notifica al docente cuando un padre envía una justificación. La justificación puede incluir texto y documentos adjuntos (por ejemplo, constancia médica). El docente puede aprobar o rechazar la justificación y el estado queda registrado.",Fuera del candidato actual,Not implemented,,,,,,,,No ejecutado,,,Pablo (coordinacion); responsable de dominio pendiente,,,No implementado segun catalogo; requiere aprobacion explicita si se pretende excluir.
RF-JUS-005,RF,Debe,El sistema actualiza automáticamente el registro y estado de asistencia si la justificación es aprobada. El padre de familia puede consultar en el historial si la ausencia fue justificada o no.,Fuera del candidato actual,Not implemented,,,,,,,,No ejecutado,,,Pablo (coordinacion); responsable de dominio pendiente,,,No implementado segun catalogo; requiere aprobacion explicita si se pretende excluir.
RF-JUS-006,RF,Deberia,El sistema envía una notificación automática al encargado informando la resolución (aprobada o rechazada) emitida por el docente o autoridad.,Fuera del candidato actual,Not implemented,,,,,,,,No ejecutado,,,Pablo (coordinacion); responsable de dominio pendiente,,,No implementado segun catalogo; requiere aprobacion explicita si se pretende excluir.
RF-JUS-007,RF,Debe,"Los documentos adjuntos a las solicitudes de justificación sólo son accesibles para los usuarios autorizados (docentes a cargo, encargados y administradores), garantizando la protección de datos personales y médicos.",Fuera del candidato actual,Not implemented,,,,,,,,No ejecutado,,,Pablo (coordinacion); responsable de dominio pendiente,,,No implementado segun catalogo; requiere aprobacion explicita si se pretende excluir.
RF-JUS-008,RF,Podria,"El encargado puede registrar una solicitud anticipada para el retiro antes del horario habitual o ingreso tardío del estudiante, indicando la fecha y justificación previa.",Fuera del candidato actual,Not implemented,,,,,,,,No ejecutado,,,Pablo (coordinacion); responsable de dominio pendiente,,,No implementado segun catalogo; requiere aprobacion explicita si se pretende excluir.
RF-JUS-009,RF,Podria,"Al contar con un permiso prospectivo aprobado, el sistema ajusta la evaluación automática de la jornada evitando marcar la falta como inasistencia injustificada al momento del cierre de sesión o periodo.",Fuera del candidato actual,Not implemented,,,,,,,,No ejecutado,,,Pablo (coordinacion); responsable de dominio pendiente,,,No implementado segun catalogo; requiere aprobacion explicita si se pretende excluir.
RF-MAT-001,RF,Debe,"El sistema registra cada inscripción asociándola a un ciclo escolar, grado y sección específicos con fechas claras de vigencia.",Fuera del candidato actual,Not implemented,,,,,,,,No ejecutado,,,Pablo (coordinacion); responsable de dominio pendiente,,,No implementado segun catalogo; requiere aprobacion explicita si se pretende excluir.
RF-MAT-002,RF,Debe,"El sistema procesa la matrícula de un estudiante nuevo vinculándolo a su grado, jornada y sección asignada.",Fuera del candidato actual,Not implemented,,,,,,,,No ejecutado,,,Pablo (coordinacion); responsable de dominio pendiente,,,No implementado segun catalogo; requiere aprobacion explicita si se pretende excluir.
RF-MAT-003,RF,Debe,El sistema permite reinscribir alumnos para un nuevo ciclo reutilizando automáticamente la información existente en su expediente base.,Fuera del candidato actual,Not implemented,,,,,,,,No ejecutado,,,Pablo (coordinacion); responsable de dominio pendiente,,,No implementado segun catalogo; requiere aprobacion explicita si se pretende excluir.
RF-MAT-004,RF,Debe,"El sistema valida la disponibilidad de vacantes antes de confirmar la inscripción, bloqueando el proceso si la sección alcanzó su límite.",Fuera del candidato actual,Not implemented,,,,,,,,No ejecutado,,,Pablo (coordinacion); responsable de dominio pendiente,,,No implementado segun catalogo; requiere aprobacion explicita si se pretende excluir.
RF-MAT-005,RF,Debe,El sistema registra el estado de entrega de los documentos obligatorios requeridos para completar la matrícula del estudiante.,Fuera del candidato actual,Not implemented,,,,,,,,No ejecutado,,,Pablo (coordinacion); responsable de dominio pendiente,,,No implementado segun catalogo; requiere aprobacion explicita si se pretende excluir.
RF-MAT-006,RF,Deberia,El sistema restringe la generación o emisión de diplomas y certificaciones finales si la matrícula presenta papelería pendiente de entrega.,Fuera del candidato actual,Not implemented,,,,,,,,No ejecutado,,,Pablo (coordinacion); responsable de dominio pendiente,,,No implementado segun catalogo; requiere aprobacion explicita si se pretende excluir.
RF-MAT-007,RF,Debe,"El estado de inscripción activa habilita automáticamente al estudiante para figurar en listas de asistencia, asignación de notas y horarios.",Fuera del candidato actual,Not implemented,,,,,,,,No ejecutado,,,Pablo (coordinacion); responsable de dominio pendiente,,,No implementado segun catalogo; requiere aprobacion explicita si se pretende excluir.
RF-MAT-008,RF,Debe,El sistema almacena y permite consultar el listado histórico de todas las inscripciones realizadas por un estudiante a lo largo de sus ciclos.,Fuera del candidato actual,Not implemented,,,,,,,,No ejecutado,,,Pablo (coordinacion); responsable de dominio pendiente,,,No implementado segun catalogo; requiere aprobacion explicita si se pretende excluir.
RF-MOV-001,RF,Debe,El sistema diferencia explícitamente entre la reubicación interna de sección y el traslado hacia o desde otra institución educativa.,Incluido para validacion,Implemented,,,,,,,,No ejecutado,,,Pablo (coordinacion); responsable de dominio pendiente,,,Implementado segun catalogo; falta ejecutar evidencia sobre SHA candidato.
RF-MOV-002,RF,Debe,"Al transferir a un alumno de sección, el sistema preserva íntegramente las calificaciones y registros de asistencia acumulados en el ciclo.",Incluido para validacion,Implemented,,,,,,,,No ejecutado,,,Pablo (coordinacion); responsable de dominio pendiente,,,Implementado segun catalogo; falta ejecutar evidencia sobre SHA candidato.
RF-MOV-003,RF,Debe,"El sistema permite especificar la fecha oficial en que cobra vigencia un movimiento, de forma independiente a la fecha del sistema en que se ingresa.",Incluido para validacion,Implemented,,,,,,,,No ejecutado,,,Pablo (coordinacion); responsable de dominio pendiente,,,Implementado segun catalogo; falta ejecutar evidencia sobre SHA candidato.
RF-MOV-004,RF,Debe,El sistema procesa la baja o retiro formal de un alumno especificando la causa y deshabilitando su presencia en las listas operativas.,Incluido para validacion,Implemented,,,,,,,,No ejecutado,,,Pablo (coordinacion); responsable de dominio pendiente,,,Implementado segun catalogo; falta ejecutar evidencia sobre SHA candidato.
RF-MOV-005,RF,Debe,"Al registrar la baja o egreso del estudiante, el sistema desactiva inmediatamente las credenciales y accesos del estudiante y encargados asociados.",Incluido para validacion,Implemented,,,,,,,,No ejecutado,,,Pablo (coordinacion); responsable de dominio pendiente,,,Implementado segun catalogo; falta ejecutar evidencia sobre SHA candidato.
RF-MOV-006,RF,Debe,El sistema gestiona el resultado de fin de año del alumno (Promovido / No Promovido) determinando su grado elegible para el siguiente ciclo.,Incluido para validacion,Implemented,,,,,,,,No ejecutado,,,Pablo (coordinacion); responsable de dominio pendiente,,,Implementado segun catalogo; falta ejecutar evidencia sobre SHA candidato.
RF-MOV-007,RF,Deberia,Debería,Incluido para validacion,Implemented,,,,,,,,No ejecutado,,,Pablo (coordinacion); responsable de dominio pendiente,,,Implementado segun catalogo; falta ejecutar evidencia sobre SHA candidato.
RF-MOV-008,RF,Deberia,El sistema habilita la anulación o rectificación de un movimiento administrativo mal registrado registrando la auditoría del cambio.,Incluido para validacion,Implemented,,,,,,,,No ejecutado,,,Pablo (coordinacion); responsable de dominio pendiente,,,Implementado segun catalogo; falta ejecutar evidencia sobre SHA candidato.
RF-PER-001,RF,Debe,El sistema dispone de un listado detallado e indivisible de permisos para cada acción ejecutable en la aplicación.,Incluido para validacion,Implemented,,,,,,,,No ejecutado,,,Pablo (coordinacion); responsable de dominio pendiente,,,Implementado segun catalogo; falta ejecutar evidencia sobre SHA candidato.
RF-PER-002,RF,Debe,El sistema administra roles configurables que agrupan conjuntos de permisos atómicos para facilitar su asignación.,Incluido para validacion,Implemented,,,,,,,,No ejecutado,,,Pablo (coordinacion); responsable de dominio pendiente,,,Implementado segun catalogo; falta ejecutar evidencia sobre SHA candidato.
RF-PER-003,RF,Debe,El sistema permite asignar más de un rol a un usuario (ej. Docente y Secretario al mismo tiempo).,Incluido para validacion,Implemented,,,,,,,,No ejecutado,,,Pablo (coordinacion); responsable de dominio pendiente,,,Implementado segun catalogo; falta ejecutar evidencia sobre SHA candidato.
RF-PER-004,RF,Debe,Todo acceso a un recurso de la aplicación está bloqueado salvo que el usuario tenga explícitamente el permiso otorgado.,Incluido para validacion,Implemented,,,,,,,,No ejecutado,,,Pablo (coordinacion); responsable de dominio pendiente,,,Implementado segun catalogo; falta ejecutar evidencia sobre SHA candidato.
RF-PER-005,RF,Debe,"El sistema valida la autorización, rol y permisos de la sesión en cada petición enviada al servidor backend.",Incluido para validacion,Implemented,,,,,,,,No ejecutado,,,Pablo (coordinacion); responsable de dominio pendiente,,,Implementado segun catalogo; falta ejecutar evidencia sobre SHA candidato.
RF-PER-006,RF,Deberia,La revocación o modificación de permisos a un rol o usuario surte efecto en tiempo real sin requerir reinicios.,Incluido para validacion,Implemented,,,,,,,,No ejecutado,,,Pablo (coordinacion); responsable de dominio pendiente,,,Implementado segun catalogo; falta ejecutar evidencia sobre SHA candidato.
RF-PER-007,RF,Debe,El sistema impide la eliminación o desconfiguración de los roles base predefinidos por la arquitectura del software.,Incluido para validacion,Implemented,,,,,,,,No ejecutado,,,Pablo (coordinacion); responsable de dominio pendiente,,,Implementado segun catalogo; falta ejecutar evidencia sobre SHA candidato.
RF-PLA-001,RF,Debe,El sistema administra un repositorio centralizado de formatos y estructuras base para la emisión de reportes y certificados.,Incluido para validacion,Implemented,,,,,,,,No ejecutado,,,Pablo (coordinacion); responsable de dominio pendiente,,,Implementado segun catalogo; falta ejecutar evidencia sobre SHA candidato.
RF-PLA-002,RF,Debe,Las plantillas utilizan una lista fija y predefinida de etiquetas dinámicas,Incluido para validacion,Implemented,,,,,,,,No ejecutado,,,Pablo (coordinacion); responsable de dominio pendiente,,,Implementado segun catalogo; falta ejecutar evidencia sobre SHA candidato.
RF-PLA-003,RF,Debe,El catálogo predeterminado de campos dinámicos para plantillas excluye información médica o confidencial de los alumnos.,Incluido para validacion,Implemented,,,,,,,,No ejecutado,,,Pablo (coordinacion); responsable de dominio pendiente,,,Implementado segun catalogo; falta ejecutar evidencia sobre SHA candidato.
RF-PLA-004,RF,Debe,"Todas las plantillas de impresión incorporan por omisión el logotipo, nombre oficial y datos del centro educativo en el encabezado.",Incluido para validacion,Implemented,,,,,,,,No ejecutado,,,Pablo (coordinacion); responsable de dominio pendiente,,,Implementado segun catalogo; falta ejecutar evidencia sobre SHA candidato.
RF-PLA-005,RF,Podria,El sistema mantiene el historial de cambios y versiones de cada plantilla documental para trazabilidad institucional.,Incluido para validacion,Implemented,,,,,,,,No ejecutado,,,Pablo (coordinacion); responsable de dominio pendiente,,,Implementado segun catalogo; falta ejecutar evidencia sobre SHA candidato.
RF-PLA-006,RF,Deberia,El sistema genera una previsualización con datos de muestra antes de guardar o aplicar una plantilla a los documentos oficiales.,Pendiente de clasificacion,In progress,,,,,,,,No ejecutado,,,Pablo (coordinacion); responsable de dominio pendiente,,,No se encontro estado confiable en catalogo; revisar en D1.
RF-PLA-007,RF,Debe,El sistema permite establecer exactamente una plantilla activa predeterminada para cada tipo de documento oficial.,Incluido para validacion,Implemented,,,,,,,,No ejecutado,,,Pablo (coordinacion); responsable de dominio pendiente,,,Implementado segun catalogo; falta ejecutar evidencia sobre SHA candidato.
RF-RES-001,RF,Debe,El sistema calcula automáticamente el promedio o total acumulado final de la subárea sumando o promediando las notas de las unidades.,Fuera del candidato actual,Not implemented,,,,,,,,No ejecutado,,,Pablo (coordinacion); responsable de dominio pendiente,,,No implementado segun catalogo; requiere aprobacion explicita si se pretende excluir.
RF-RES-002,RF,Debe,El redondeo de los promedios finales se ejecuta únicamente en la etapa de cálculo final según la regla institucional sin aplicar redondeos intermedios.,Fuera del candidato actual,Not implemented,,,,,,,,No ejecutado,,,Pablo (coordinacion); responsable de dominio pendiente,,,No implementado segun catalogo; requiere aprobacion explicita si se pretende excluir.
RF-RES-003,RF,Debe,El sistema evalúa la nota final obtenida contra la nota mínima de aprobación fijada para determinar si la subárea se marca como Aprobada o Reprobada.,Fuera del candidato actual,Not implemented,,,,,,,,No ejecutado,,,Pablo (coordinacion); responsable de dominio pendiente,,,No implementado segun catalogo; requiere aprobacion explicita si se pretende excluir.
RF-RES-004,RF,Debe,El sistema determina qué estudiantes califican para optar a pruebas de recuperación según la cantidad de subáreas reprobadas y el reglamento vigente.,Fuera del candidato actual,Not implemented,,,,,,,,No ejecutado,,,Pablo (coordinacion); responsable de dominio pendiente,,,No implementado segun catalogo; requiere aprobacion explicita si se pretende excluir.
RF-RES-005,RF,Debe,El sistema permite ingresar la nota alcanzada en la evaluación de recuperación y recalcula el resultado final de la subárea según corresponda.,Fuera del candidato actual,Not implemented,,,,,,,,No ejecutado,,,Pablo (coordinacion); responsable de dominio pendiente,,,No implementado segun catalogo; requiere aprobacion explicita si se pretende excluir.
RF-RES-006,RF,Debe,"El sistema determina el estado de promoción del estudiante (Promovido, No Promovido) al finalizar el ciclo tras consolidar los resultados finales.",Fuera del candidato actual,Not implemented,,,,,,,,No ejecutado,,,Pablo (coordinacion); responsable de dominio pendiente,,,No implementado segun catalogo; requiere aprobacion explicita si se pretende excluir.
RF-RES-007,RF,Debe,"Al efectuar el cierre del ciclo, las notas finales y el estado de promoción quedan inalterables para cualquier modificación estándar.",Fuera del candidato actual,Not implemented,,,,,,,,No ejecutado,,,Pablo (coordinacion); responsable de dominio pendiente,,,No implementado segun catalogo; requiere aprobacion explicita si se pretende excluir.
RF-RES-008,RF,Debe,"El sistema genera e imprime la boleta de calificaciones consolidada mostrando las notas por unidad, promedios y resultado final del ciclo.",Fuera del candidato actual,Not implemented,,,,,,,,No ejecutado,,,Pablo (coordinacion); responsable de dominio pendiente,,,No implementado segun catalogo; requiere aprobacion explicita si se pretende excluir.
RF-RES-009,RF,Deberia,"El sistema mantiene un registro histórico auditable de todos los cálculos, modificaciones y rectificaciones que originaron el resultado final.",Fuera del candidato actual,Not implemented,,,,,,,,No ejecutado,,,Pablo (coordinacion); responsable de dominio pendiente,,,No implementado segun catalogo; requiere aprobacion explicita si se pretende excluir.
RNF-AUD-001,RNF,Debe,Los eventos de movimiento y asistencia son inmutables; cualquier corrección posterior debe registrarse mediante un nuevo asiento de ajuste sin sobrescribir el registro original.,Fuera del candidato actual,Not implemented,,,,,,,,No ejecutado,,,Pablo (coordinacion); responsable de dominio pendiente,,,No implementado segun catalogo; requiere aprobacion explicita si se pretende excluir.
RNF-AUD-002,RNF,Debe,"Cualquier modificación en la configuración de parámetros del sistema debe quedar registrada en la bitácora indicando el usuario responsable, fecha y período de vigencia.",Incluido para validacion,Implemented,,,,,,,,No ejecutado,,,Pablo (coordinacion); responsable de dominio pendiente,,,Implementado segun catalogo; falta ejecutar evidencia sobre SHA candidato.
RNF-AUD-003,RNF,Debe,El sistema debe registrar un evento de auditoría de lectura cada vez que un usuario consulte o descargue notas de salud o documentos confidenciales del expediente.,Incluido para validacion,Implemented,,,,,,,,No ejecutado,,,Pablo (coordinacion); responsable de dominio pendiente,,,Implementado segun catalogo; falta ejecutar evidencia sobre SHA candidato.
RNF-CAP-001,RNF,Debe,El sistema debe operar de forma fluida dimensionado para la matrícula real del establecimiento,Incluido para validacion,Implemented,,,,,,,,No ejecutado,,,Pablo (coordinacion); responsable de dominio pendiente,,,Implementado segun catalogo; falta ejecutar evidencia sobre SHA candidato.
RNF-CAP-002,RNF,Debe,El sistema estimará un crecimiento proyectado de 2 GB de almacenamiento por ciclo y emitirá advertencias al alcanzar umbrales configurables de espacio.,Incluido para validacion,Implemented,,,,,,,,No ejecutado,,,Pablo (coordinacion); responsable de dominio pendiente,,,Implementado segun catalogo; falta ejecutar evidencia sobre SHA candidato.
RNF-COM-001,RNF,Debe,"La interfaz debe ser plenamente operativa en navegadores web modernos sobre teléfonos de gama baja, permitiendo la captura mediante el acceso a la cámara.",Fuera del candidato actual,Not implemented,,,,,,,,No ejecutado,,,Pablo (coordinacion); responsable de dominio pendiente,,,No implementado segun catalogo; requiere aprobacion explicita si se pretende excluir.
RNF-COM-002,RNF,Debe,El peso total de transferencia por página debe estar estricta y deliberadamente acotado para funcionar correctamente con la conectividad limitada del municipio.,Fuera del candidato actual,Not implemented,,,,,,,,No ejecutado,,,Pablo (coordinacion); responsable de dominio pendiente,,,No implementado segun catalogo; requiere aprobacion explicita si se pretende excluir.
RNF-CON-001,RNF,Debe,El sistema debe garantizar la idempotencia de las peticiones para que los reintentos automáticos por interrupción de conectividad no generen registros duplicados.,Fuera del candidato actual,Not implemented,,,,,,,,No ejecutado,,,Pablo (coordinacion); responsable de dominio pendiente,,,No implementado segun catalogo; requiere aprobacion explicita si se pretende excluir.
RNF-CON-002,RNF,Debe,Los lotes de datos pendientes de confirmación deben persistir de forma que puedan recuperarse o reanudarse desde cualquier dispositivo autorizado.,Fuera del candidato actual,Not implemented,,,,,,,,No ejecutado,,,Pablo (coordinacion); responsable de dominio pendiente,,,No implementado segun catalogo; requiere aprobacion explicita si se pretende excluir.
RNF-DIS-001,RNF,Debe,"El servicio debe garantizar máxima disponibilidad durante el horario activo de las jornadas escolares en días lectivos, sin exigir esquemas complejos de operación continua 24/7.",Incluido para validacion,Implemented,,,,,,,,No ejecutado,,,Pablo (coordinacion); responsable de dominio pendiente,,,Implementado segun catalogo; falta ejecutar evidencia sobre SHA candidato.
RNF-LEG-001,RNF,Debe,"El tratamiento de datos de menores debe cumplir con control estricto de accesos por rol, principio de minimización de datos y plazos de retención claramente declarados.",Fuera del candidato actual,Not implemented,,,,,,,,No ejecutado,,,Pablo (coordinacion); responsable de dominio pendiente,,,No implementado segun catalogo; requiere aprobacion explicita si se pretende excluir.
RNF-LOC-001,RNF,Debe,El servidor y la base de datos deben estar fijados explícitamente en la zona horaria del establecimiento; los eventos y fechas de efecto se interpretan de forma uniforme en hora local.,Fuera del candidato actual,Not implemented,,,,,,,,No ejecutado,,,Pablo (coordinacion); responsable de dominio pendiente,,,No implementado segun catalogo; requiere aprobacion explicita si se pretende excluir.
RNF-LOC-002,RNF,Debe,"La totalidad de la interfaz de usuario, mensajes del sistema, plantillas de documentos y reportes generados deben estar presentados en idioma español.",Fuera del candidato actual,Not implemented,,,,,,,,No ejecutado,,,Pablo (coordinacion); responsable de dominio pendiente,,,No implementado segun catalogo; requiere aprobacion explicita si se pretende excluir.
RNF-MAN-001,RNF,Debe,"Los catálogos (tipos de documentos, plantillas, parámetros de jornada, ponderaciones) no deben incluirse en código duro (hardcoded), siendo totalmente administrables vía interfaz.",Fuera del candidato actual,Not implemented,,,,,,,,No ejecutado,,,Pablo (coordinacion); responsable de dominio pendiente,,,No implementado segun catalogo; requiere aprobacion explicita si se pretende excluir.
RNF-MAN-002,RNF,Debe,Los textos y la estructura de los documentos institucionales deben ser modificables desde el panel administrativo sin requerir la compilación o re-despliegue del código fuente.,Fuera del candidato actual,Not implemented,,,,,,,,No ejecutado,,,Pablo (coordinacion); responsable de dominio pendiente,,,No implementado segun catalogo; requiere aprobacion explicita si se pretende excluir.
RNF-OPE-001,RNF,Debe,El sistema debe implementar registro de errores (logs) y monitoreo básico para los procesos del worker y la ejecución de tareas programadas (cron jobs).,Fuera del candidato actual,Not implemented,,,,,,,,No ejecutado,,,Pablo (coordinacion); responsable de dominio pendiente,,,No implementado segun catalogo; requiere aprobacion explicita si se pretende excluir.
RNF-PRI-001,RNF,Debe,"El código QR impreso o desplegado en las credenciales no debe contener datos personales embebidos, únicamente un identificador único opaco o tokenizado.",Fuera del candidato actual,Not implemented,,,,,,,,No ejecutado,,,Pablo (coordinacion); responsable de dominio pendiente,,,No implementado segun catalogo; requiere aprobacion explicita si se pretende excluir.
RNF-PRI-002,RNF,Debe,"La interfaz de confirmación tras el escaneo no debe exponer datos sensibles de salud, desempeño académico ni información de contacto del estudiante.",Fuera del candidato actual,Not implemented,,,,,,,,No ejecutado,,,Pablo (coordinacion); responsable de dominio pendiente,,,No implementado segun catalogo; requiere aprobacion explicita si se pretende excluir.
RNF-PRI-003,RNF,Debe,"Queda prohibido el almacenamiento persistente (en LocalStorage, bases de datos locales o archivos) de datos personales de menores dentro del dispositivo del operador.",Fuera del candidato actual,Not implemented,,,,,,,,No ejecutado,,,Pablo (coordinacion); responsable de dominio pendiente,,,No implementado segun catalogo; requiere aprobacion explicita si se pretende excluir.
RNF-PRI-004,RNF,Debe,Toda acción de visualización o descarga de documentos adjuntos en las justificaciones de asistencia debe registrar un evento de auditoría.,Incluido para validacion,Implemented,,,,,,,,No ejecutado,,,Pablo (coordinacion); responsable de dominio pendiente,,,Implementado segun catalogo; falta ejecutar evidencia sobre SHA candidato.
RNF-PRI-005,RNF,Debe,Debe,Incluido para validacion,Implemented,,,,,,,,No ejecutado,,,Pablo (coordinacion); responsable de dominio pendiente,,,Implementado segun catalogo; falta ejecutar evidencia sobre SHA candidato.
RNF-REN-001,RNF,Debe,El percentil 95 (p95) del tiempo de respuesta desde la lectura del código hasta la confirmación visual debe ser menor o igual a 2 segundos en la infraestructura objetivo (1 vCPU / 2 GB RAM).,Incluido para validacion,Implemented,,,,,,,,No ejecutado,,,Pablo (coordinacion); responsable de dominio pendiente,,,Implementado segun catalogo; falta ejecutar evidencia sobre SHA candidato.
RNF-REN-002,RNF,Debe,El sistema debe soportar la tasa máxima de escaneos simultáneos calculada a partir del número de operadores en portón durante el horario de mayor flujo.,Incluido para validacion,Implemented,,,,,,,,No ejecutado,,,Pablo (coordinacion); responsable de dominio pendiente,,,Implementado segun catalogo; falta ejecutar evidencia sobre SHA candidato.
RNF-REN-003,RNF,Debe,Ninguna petición síncrona debe superar el tiempo de espera (timeout) del servidor web; los procesos pesados como generación de lotes de documentos deben procesarse mediante colas de trabajo.,Diferido,Deferred,,,,,,,,No ejecutado,,,Pablo (coordinacion); responsable de dominio pendiente,,,ADR-0009: procesamiento trabajador diferido; requiere decision posterior.
RNF-REN-004,RNF,Debe,El proceso worker debe ejecutarse con una concurrencia limitada a 1 y dentro de una ventana horaria configurable para no competir por recursos durante las horas pico de escaneo.,Diferido,Not implemented,,,,,,,,No ejecutado,,,Pablo (coordinacion); responsable de dominio pendiente,,,ADR-0009: procesamiento trabajador diferido; requiere decision posterior.
RNF-RES-001,RNF,Debe,Los esquemas de respaldo de la base de datos y de la pila de archivos adjuntos deben ser independientes y permitir la restauración total sobre la infraestructura objetivo.,Fuera del candidato actual,Not implemented,,,,,,,,No ejecutado,,,Pablo (coordinacion); responsable de dominio pendiente,,,No implementado segun catalogo; requiere aprobacion explicita si se pretende excluir.
RNF-RES-002,RNF,Debe,El Punto Objetivo de Recuperación (RPO) y Tiempo Objetivo de Recuperación (RTO) deberán quedar explícitamente declarados y validados mediante pruebas antes de la entrega final.,Fuera del candidato actual,Not implemented,,,,,,,,No ejecutado,,,Pablo (coordinacion); responsable de dominio pendiente,,,No implementado segun catalogo; requiere aprobacion explicita si se pretende excluir.
RNF-RES-003,RNF,Debe,Se deben ejecutar procesos automatizados para verificar periódicamente la integridad de las sumas de comprobación (hashes) de los archivos almacenados.,Fuera del candidato actual,Not implemented,,,,,,,,No ejecutado,,,Pablo (coordinacion); responsable de dominio pendiente,,,No implementado segun catalogo; requiere aprobacion explicita si se pretende excluir.
RNF-SEG-001,RNF,Debe,"Todas las cookies de gestión de sesión deben configurarse obligatoriamente con los atributos HttpOnly, Secure y SameSite (Strict/Lax).",Fuera del candidato actual,Not implemented,,,,,,,,No ejecutado,,,Pablo (coordinacion); responsable de dominio pendiente,,,No implementado segun catalogo; requiere aprobacion explicita si se pretende excluir.
RNF-SEG-002,RNF,Debe,El uso de cifrado TLS (HTTPS) es estricto y obligatorio; el acceso a la cámara del dispositivo se denegará completamente si la conexión no se realiza bajo un contexto seguro.,Fuera del candidato actual,Not implemented,,,,,,,,No ejecutado,,,Pablo (coordinacion); responsable de dominio pendiente,,,No implementado segun catalogo; requiere aprobacion explicita si se pretende excluir.
RNF-SEG-003,RNF,Debe,"Todo intento de escaneo rechazado (código inválido, estudiante no registrado o credencial no vigente) debe quedar registrado explícitamente en la bitácora de auditoría.",Incluido para validacion,Implemented,,,,,,,,No ejecutado,,,Pablo (coordinacion); responsable de dominio pendiente,,,Implementado segun catalogo; falta ejecutar evidencia sobre SHA candidato.
RNF-SEG-004,RNF,Debe,"La sustitución de variables en plantillas de documentos debe operar mediante la interpolación de un catálogo cerrado de marcadores, proscribiendo la evaluación sintáctica de código (eval).",Fuera del candidato actual,Not implemented,,,,,,,,No ejecutado,,,Pablo (coordinacion); responsable de dominio pendiente,,,No implementado segun catalogo; requiere aprobacion explicita si se pretende excluir.
RNF-SEG-005,RNF,Debe,Las descargas de archivos adjuntos se resolverán a través de URL temporales firmadas de expiración breve vinculadas al usuario; se prohíbe el acceso directo por ruta estática.,Incluido para validacion,Implemented,,,,,,,,No ejecutado,,,Pablo (coordinacion); responsable de dominio pendiente,,,Implementado segun catalogo; falta ejecutar evidencia sobre SHA candidato.
RNF-SEG-006,RNF,Debe,Se deben aplicar restricciones de frecuencia de peticiones (rate limiting) en las interfaces públicas no autenticadas para prevenir ataques de denegación de servicio o raspado (scraping).,Fuera del candidato actual,Not implemented,,,,,,,,No ejecutado,,,Pablo (coordinacion); responsable de dominio pendiente,,,No implementado segun catalogo; requiere aprobacion explicita si se pretende excluir.
RNF-USA-001,RNF,Debe,"El estado de los permisos de acceso a la cámara debe verificarse preventivamente al iniciar la sesión/turno de escaneo, evitando interrupciones durante el primer intento de captura. Módulo                       Usabilidad y Experiencia Estado                       Pendiente ●​ 5 de agosto de 2026: Presentación oficial del proyecto, revisión del alcance definitivo y planificación de la etapa inicial de desarrollo. ●​ 2 de septiembre de 2026: Presentación del primer avance funcional, validación de los módulos desarrollados y recopilación de observaciones por parte de la institución. ●​ 7 de octubre de 2026: Revisión del avance general del sistema, validación de nuevas funcionalidades y planificación de la etapa final de desarrollo. ●​ 4 de noviembre de 2026: Presentación del sistema desarrollado, validación final de los entregables y revisión de las observaciones previas a la conclusión del proyecto.",Incluido para validacion,Implemented,,,,,,,,No ejecutado,,,Pablo (coordinacion); responsable de dominio pendiente,,,Implementado segun catalogo; falta ejecutar evidencia sobre SHA candidato.
